id,file,era,width,height,format,transparent,bytes
1890_001,faces/1890s/1890_001.webp,1890s,384,576,webp,True,18222
1890_002,faces/1890s/1890_002.webp,1890s,384,576,webp,True,24702
1890_003,faces/1890s/1890_003.webp,1890s,384,576,webp,True,20650
1890_004,faces/1890s/1890_004.webp,1890s,384,576,webp,True,28868
1890_005,faces/1890s/1890_005.webp,1890s,384,576,webp,True,14556
1890_006,faces/1890s/1890_006.webp,1890s,384,576,webp,True,23704
1890_007,faces/1890s/1890_007.webp,1890s,384,576,webp,True,26358
1890_008,faces/1890s/1890_008.webp,1890s,384,576,webp,True,14170
1890_009,faces/1890s/1890_009.webp,1890s,384,576,webp,True,26508
1890_010,faces/1890s/1890_010.webp,1890s,384,576,webp,True,18322
1890_011,faces/1890s/1890_011.webp,1890s,384,576,webp,True,32332
1890_012,faces/1890s/1890_012.webp,1890s,384,576,webp,True,25972
1890_013,faces/1890s/1890_013.webp,1890s,384,576,webp,True,23360
1890_014,faces/1890s/1890_014.webp,1890s,384,576,webp,True,15008
1890_015,faces/1890s/1890_015.webp,1890s,384,576,webp,True,30228
1890_016,faces/1890s/1890_016.webp,1890s,384,576,webp,True,26708
1890_017,faces/1890s/1890_017.webp,1890s,384,576,webp,True,15958
1890_018,faces/1890s/1890_018.webp,1890s,384,576,webp,True,17206
1890_019,faces/1890s/1890_019.webp,1890s,384,576,webp,True,17944
1890_020,faces/1890s/1890_020.webp,1890s,384,576,webp,True,42658
1890_021,faces/1890s/1890_021.webp,1890s,384,576,webp,True,13900
1890_022,faces/1890s/1890_022.webp,1890s,384,576,webp,True,23382
1890_023,faces/1890s/1890_023.webp,1890s,384,576,webp,True,16508
1890_024,faces/1890s/1890_024.webp,1890s,384,576,webp,True,25118
1890_025,faces/1890s/1890_025.webp,1890s,384,576,webp,True,30570
1890_026,faces/1890s/1890_026.webp,1890s,384,576,webp,True,34066
1890_027,faces/1890s/1890_027.webp,1890s,384,576,webp,True,29760
1890_028,faces/1890s/1890_028.webp,1890s,384,576,webp,True,21110
1890_029,faces/1890s/1890_029.webp,1890s,384,576,webp,True,29798
1890_030,faces/1890s/1890_030.webp,1890s,384,576,webp,True,27424
1890_031,faces/1890s/1890_031.webp,1890s,384,576,webp,True,27586
1890_032,faces/1890s/1890_032.webp,1890s,384,576,webp,True,28700
1890_033,faces/1890s/1890_033.webp,1890s,384,576,webp,True,20932
1890_034,faces/1890s/1890_034.webp,1890s,384,576,webp,True,16972
1890_035,faces/1890s/1890_035.webp,1890s,384,576,webp,True,20492
1890_036,faces/1890s/1890_036.webp,1890s,384,576,webp,True,27942
1890_037,faces/1890s/1890_037.webp,1890s,384,576,webp,True,23606
1890_038,faces/1890s/1890_038.webp,1890s,384,576,webp,True,29992
1890_039,faces/1890s/1890_039.webp,1890s,384,576,webp,True,20968
1890_040,faces/1890s/1890_040.webp,1890s,384,576,webp,True,20084
1890_041,faces/1890s/1890_041.webp,1890s,384,576,webp,True,30272
1890_042,faces/1890s/1890_042.webp,1890s,384,576,webp,True,21556
1890_043,faces/1890s/1890_043.webp,1890s,384,576,webp,True,13668
1890_044,faces/1890s/1890_044.webp,1890s,384,576,webp,True,27780
1890_045,faces/1890s/1890_045.webp,1890s,384,576,webp,True,19156
1890_046,faces/1890s/1890_046.webp,1890s,384,576,webp,True,29126
1890_047,faces/1890s/1890_047.webp,1890s,384,576,webp,True,24142
1890_048,faces/1890s/1890_048.webp,1890s,384,576,webp,True,13066
1890_049,faces/1890s/1890_049.webp,1890s,384,576,webp,True,26298
1890_050,faces/1890s/1890_050.webp,1890s,384,576,webp,True,20798
1890_051,faces/1890s/1890_051.webp,1890s,384,576,webp,True,27638
1890_052,faces/1890s/1890_052.webp,1890s,384,576,webp,True,32954
1890_053,faces/1890s/1890_053.webp,1890s,384,576,webp,True,16208
1890_054,faces/1890s/1890_054.webp,1890s,384,576,webp,True,36266
1890_055,faces/1890s/1890_055.webp,1890s,384,576,webp,True,31240
1890_056,faces/1890s/1890_056.webp,1890s,384,576,webp,True,26874
1890_057,faces/1890s/1890_057.webp,1890s,384,576,webp,True,16714
1890_058,faces/1890s/1890_058.webp,1890s,384,576,webp,True,11758
1890_059,faces/1890s/1890_059.webp,1890s,384,576,webp,True,12890
1890_060,faces/1890s/1890_060.webp,1890s,384,576,webp,True,11760
1890_061,faces/1890s/1890_061.webp,1890s,384,576,webp,True,35306
1890_062,faces/1890s/1890_062.webp,1890s,384,576,webp,True,19076
1890_063,faces/1890s/1890_063.webp,1890s,384,576,webp,True,16096
1890_064,faces/1890s/1890_064.webp,1890s,384,576,webp,True,30470
1890_065,faces/1890s/1890_065.webp,1890s,384,576,webp,True,21690
1890_066,faces/1890s/1890_066.webp,1890s,384,576,webp,True,19228
1890_067,faces/1890s/1890_067.webp,1890s,384,576,webp,True,29784
1890_068,faces/1890s/1890_068.webp,1890s,384,576,webp,True,28842
1890_069,faces/1890s/1890_069.webp,1890s,384,576,webp,True,17502
1890_070,faces/1890s/1890_070.webp,1890s,384,576,webp,True,33914
1890_071,faces/1890s/1890_071.webp,1890s,384,576,webp,True,27364
1890_072,faces/1890s/1890_072.webp,1890s,384,576,webp,True,16484
1890_073,faces/1890s/1890_073.webp,1890s,384,576,webp,True,30642
1890_074,faces/1890s/1890_074.webp,1890s,384,576,webp,True,15118
1890_075,faces/1890s/1890_075.webp,1890s,384,576,webp,True,19202
1890_076,faces/1890s/1890_076.webp,1890s,384,576,webp,True,8496
1890_077,faces/1890s/1890_077.webp,1890s,384,576,webp,True,33920
1890_078,faces/1890s/1890_078.webp,1890s,384,576,webp,True,12530
